{ "compressionlevel":-1,
 "height":15,
 "infinite":false,
 "layers":[
        {
         "data":[0, 0, 0, 0, 0, 0, 0, 0, 0, 0, 0, 0, 0, 0, 0,
            0, 0, 0, 0, 4, 4, 4, 4, 0, 0, 0, 0, 0, 0, 0,
            0, 0, 0, 0, 0, 0, 0, 4, 0, 0, 0, 0, 0, 0, 0,
            0, 0, 0, 0, 4, 4, 4, 4, 0, 0, 0, 0, 0, 0, 0,
            0, 0, 0, 0, 0, 0, 0, 4, 0, 4, 0, 4, 0, 4, 0,
            0, 0, 0, 0, 4, 4, 4, 4, 0, 4, 0, 4, 0, 4, 0,
            0, 0, 0, 0, 0, 0, 0, 4, 0, 4, 0, 4, 0, 4, 0,
            0, 4, 4, 4, 4, 4, 4, 4, 4, 4, 4, 4, 4, 4, 0,
            0, 4, 0, 4, 0, 4, 0, 4, 0, 0, 0, 0, 0, 0, 0,
            0, 4, 0, 4, 0, 4, 0, 4, 4, 4, 4, 0, 0, 0, 0,
            0, 4, 0, 4, 0, 4, 0, 4, 0, 0, 0, 0, 0, 0, 0,
            0, 0, 0, 0, 0, 0, 0, 4, 4, 4, 4, 0, 0, 0, 0,
            0, 0, 0, 0, 0, 0, 0, 4, 0, 0, 0, 0, 0, 0, 0,
            0, 0, 0, 0, 0, 0, 0, 4, 4, 4, 4, 0, 0, 0, 0,
            0, 0, 0, 0, 0, 0, 0, 0, 0, 0, 0, 0, 0, 0, 0],
         "height":15,
         "id":1,
         "name":"1_plot",
         "opacity":1,
         "type":"tilelayer",
         "visible":true,
         "width":15,
         "x":0,
         "y":0
        }, 
        {
         "data":[71, 71, 71, 71, 71, 71, 71, 71, 71, 71, 71, 71, 71, 71, 71,
            71, 71, 71, 71, 71, 71, 71, 71, 71, 71, 71, 71, 71, 71, 71,
            71, 71, 71, 71, 71, 71, 71, 71, 71, 71, 71, 71, 71, 71, 71,
            71, 71, 71, 71, 71, 71, 71, 71, 71, 71, 71, 71, 71, 71, 71,
            71, 71, 71, 71, 71, 71, 71, 71, 71, 71, 71, 71, 71, 71, 71,
            71, 71, 71, 71, 71, 71, 71, 71, 71, 71, 71, 71, 71, 71, 71,
            71, 71, 71, 71, 71, 71, 71, 71, 71, 71, 71, 71, 71, 71, 71,
            71, 71, 71, 71, 71, 71, 71, 71, 71, 71, 71, 71, 71, 71, 71,
            71, 71, 71, 71, 71, 71, 71, 71, 71, 71, 71, 71, 71, 71, 71,
            71, 71, 71, 71, 71, 71, 71, 71, 71, 71, 71, 71, 71, 71, 71,
            71, 71, 71, 71, 71, 71, 71, 71, 71, 71, 71, 71, 71, 71, 71,
            71, 71, 71, 71, 71, 71, 71, 71, 71, 71, 71, 71, 71, 71, 71,
            71, 71, 71, 71, 71, 71, 71, 71, 71, 71, 71, 71, 71, 71, 71,
            71, 71, 71, 71, 71, 71, 71, 71, 71, 71, 71, 71, 71, 71, 71,
            71, 71, 71, 71, 71, 71, 71, 71, 71, 71, 71, 71, 71, 71, 71],
         "height":15,
         "id":7,
         "name":"2_grid",
         "offsetx":0,
         "offsety":-48,
         "opacity":1,
         "type":"tilelayer",
         "visible":true,
         "width":15,
         "x":0,
         "y":0
        }, 
        {
         "data":[0, 0, 0, 0, 0, 0, 0, 0, 0, 0, 0, 0, 0, 0, 0,
            0, 0, 0, 0, 1, 1, 1, 1, 0, 0, 0, 0, 0, 0, 0,
            0, 0, 0, 0, 0, 0, 0, 1, 0, 0, 0, 0, 0, 0, 0,
            0, 0, 0, 0, 0, 1, 1, 1, 0, 0, 0, 0, 0, 0, 0,
            0, 0, 0, 0, 0, 0, 0, 1, 0, 1, 0, 0, 0, 1, 0,
            0, 0, 0, 0, 1, 1, 1, 1, 0, 1, 0, 1, 0, 1, 0,
            0, 0, 0, 0, 0, 0, 0, 1, 0, 1, 0, 1, 0, 1, 0,
            0, 1, 1, 1, 1, 1, 1, 1, 1, 1, 1, 1, 1, 1, 0,
            0, 1, 0, 1, 0, 1, 0, 1, 0, 0, 0, 0, 0, 0, 0,
            0, 1, 0, 1, 0, 1, 0, 1, 1, 1, 1, 0, 0, 0, 0,
            0, 1, 0, 0, 0, 1, 0, 1, 0, 0, 0, 0, 0, 0, 0,
            0, 0, 0, 0, 0, 0, 0, 1, 1, 1, 0, 0, 0, 0, 0,
            0, 0, 0, 0, 0, 0, 0, 1, 0, 0, 0, 0, 0, 0, 0,
            0, 0, 0, 0, 0, 0, 0, 1, 1, 1, 1, 0, 0, 0, 0,
            0, 0, 0, 0, 0, 0, 0, 0, 0, 0, 0, 0, 0, 0, 0],
         "height":15,
         "id":8,
         "name":"2_floor",
         "offsetx":0,
         "offsety":-48,
         "opacity":1,
         "type":"tilelayer",
         "visible":true,
         "width":15,
         "x":0,
         "y":0
        }, 
        {
         "data":[0, 0, 0, 0, 0, 0, 0, 0, 0, 0, 0, 0, 0, 0, 0,
            0, 0, 0, 0, 0, 0, 0, 0, 0, 0, 0, 0, 0, 0, 0,
            0, 0, 0, 0, 0, 0, 0, 0, 0, 0, 0, 0, 0, 0, 0,
            0, 0, 0, 0, 4, 0, 0, 0, 0, 0, 0, 0, 0, 0, 0,
            0, 0, 0, 0, 0, 0, 0, 0, 0, 0, 0, 4, 0, 0, 0,
            0, 0, 0, 0, 0, 0, 0, 0, 0, 0, 0, 0, 0, 0, 0,
            0, 0, 0, 0, 0, 0, 0, 0, 0, 0, 0, 0, 0, 0, 0,
            0, 0, 0, 0, 0, 0, 0, 0, 0, 0, 0, 0, 0, 0, 0,
            0, 0, 0, 0, 0, 0, 0, 0, 0, 0, 0, 0, 0, 0, 0,
            0, 0, 0, 0, 0, 0, 0, 0, 0, 0, 0, 0, 0, 0, 0,
            0, 0, 0, 4, 0, 0, 0, 0, 0, 0, 0, 0, 0, 0, 0,
            0, 0, 0, 0, 0, 0, 0, 0, 0, 0, 4, 0, 0, 0, 0,
            0, 0, 0, 0, 0, 0, 0, 0, 0, 0, 0, 0, 0, 0, 0,
            0, 0, 0, 0, 0, 0, 0, 0, 0, 0, 0, 0, 0, 0, 0,
            0, 0, 0, 0, 0, 0, 0, 0, 0, 0, 0, 0, 0, 0, 0],
         "height":15,
         "id":3,
         "name":"2_plot",
         "offsetx":0,
         "offsety":-48,
         "opacity":1,
         "type":"tilelayer",
         "visible":true,
         "width":15,
         "x":0,
         "y":0
        }, 
        {
         "data":[0, 0, 0, 0, 0, 0, 0, 0, 0, 0, 0, 0, 0, 0, 0,
            0, 0, 0, 0, 9, 0, 0, 0, 0, 0, 0, 0, 0, 0, 0,
            0, 0, 0, 0, 0, 0, 0, 0, 0, 0, 0, 0, 0, 0, 0,
            0, 0, 0, 0, 0, 0, 30, 0, 0, 0, 0, 0, 0, 0, 0,
            0, 0, 0, 0, 0, 0, 0, 0, 0, 9, 0, 0, 0, 9, 0,
            0, 0, 0, 0, 9, 0, 0, 0, 0, 0, 0, 30, 0, 0, 0,
            0, 0, 0, 0, 0, 0, 0, 0, 0, 0, 0, 0, 0, 0, 0,
            0, 0, 0, 0, 0, 0, 0, 14, 0, 0, 0, 0, 0, 0, 0,
            0, 0, 0, 0, 0, 0, 0, 0, 0, 0, 0, 0, 0, 0, 0,
            0, 0, 0, 30, 0, 0, 0, 0, 0, 0, 9, 0, 0, 0, 0,
            0, 9, 0, 0, 0, 9, 0, 0, 0, 0, 0, 0, 0, 0, 0,
            0, 0, 0, 0, 0, 0, 0, 0, 30, 0, 0, 0, 0, 0, 0,
            0, 0, 0, 0, 0, 0, 0, 0, 0, 0, 0, 0, 0, 0, 0,
            0, 0, 0, 0, 0, 0, 0, 0, 0, 0, 9, 0, 0, 0, 0,
            0, 0, 0, 0, 0, 0, 0, 0, 0, 0, 0, 0, 0, 0, 0],
         "height":15,
         "id":4,
         "name":"2_obj",
         "offsetx":0,
         "offsety":-48,
         "opacity":1,
         "type":"tilelayer",
         "visible":true,
         "width":15,
         "x":0,
         "y":0
        }],
 "nextlayerid":9,
 "nextobjectid":1,
 "orientation":"isometric",
 "renderorder":"right-down",
 "tiledversion":"1.11.0",
 "tileheight":135,
 "tilesets":[
        {
         "firstgid":1,
         "source":"images.json"
        }, 
        {
         "firstgid":71,
         "source":"grid.json"
        }],
 "tilewidth":182,
 "type":"map",
 "version":"1.10",
 "width":15
}