{ "compressionlevel":-1,
 "height":12,
 "infinite":false,
 "layers":[
        {
         "data":[0, 0, 0, 0, 0, 0, 0, 0, 0, 0, 0, 0,
            0, 0, 0, 0, 0, 4, 0, 0, 0, 0, 0, 0,
            0, 0, 0, 0, 0, 0, 0, 0, 0, 0, 0, 0,
            0, 0, 0, 4, 0, 4, 0, 4, 4, 0, 0, 0,
            0, 0, 0, 4, 0, 4, 0, 0, 0, 0, 0, 0,
            0, 0, 0, 0, 0, 4, 4, 4, 4, 0, 4, 0,
            0, 4, 0, 4, 4, 4, 4, 0, 0, 0, 0, 0,
            0, 0, 0, 0, 0, 0, 4, 0, 4, 0, 0, 0,
            0, 0, 0, 4, 4, 0, 4, 0, 4, 0, 0, 0,
            0, 0, 0, 0, 0, 0, 0, 0, 0, 0, 0, 0,
            0, 0, 0, 0, 0, 0, 4, 0, 0, 0, 0, 0,
            0, 0, 0, 0, 0, 0, 0, 0, 0, 0, 0, 0],
         "height":12,
         "id":1,
         "name":"1_plot",
         "opacity":1,
         "type":"tilelayer",
         "visible":true,
         "width":12,
         "x":0,
         "y":0
        }, 
        {
         "data":[71, 71, 71, 71, 71, 71, 71, 71, 71, 71, 71, 71,
            71, 71, 71, 71, 71, 71, 71, 71, 71, 71, 71, 71,
            71, 71, 71, 71, 71, 71, 71, 71, 71, 71, 71, 71,
            71, 71, 71, 71, 71, 71, 71, 71, 71, 71, 71, 71,
            71, 71, 71, 71, 71, 71, 71, 71, 71, 71, 71, 71,
            71, 71, 71, 71, 71, 71, 71, 71, 71, 71, 71, 71,
            71, 71, 71, 71, 71, 71, 71, 71, 71, 71, 71, 71,
            71, 71, 71, 71, 71, 71, 71, 71, 71, 71, 71, 71,
            71, 71, 71, 71, 71, 71, 71, 71, 71, 71, 71, 71,
            71, 71, 71, 71, 71, 71, 71, 71, 71, 71, 71, 71,
            71, 71, 71, 71, 71, 71, 71, 71, 71, 71, 71, 71,
            71, 71, 71, 71, 71, 71, 71, 71, 71, 71, 71, 71],
         "height":12,
         "id":2,
         "name":"2_grid",
         "offsetx":0,
         "offsety":-48,
         "opacity":1,
         "type":"tilelayer",
         "visible":true,
         "width":12,
         "x":0,
         "y":0
        }, 
        {
         "data":[0, 0, 0, 0, 0, 0, 0, 0, 0, 0, 0, 0,
            0, 0, 0, 0, 0, 1, 0, 0, 0, 0, 0, 0,
            0, 0, 0, 0, 0, 0, 0, 0, 0, 0, 0, 0,
            0, 0, 0, 0, 0, 1, 0, 0, 0, 0, 0, 0,
            0, 0, 0, 0, 0, 0, 0, 0, 0, 0, 0, 0,
            0, 0, 0, 0, 0, 0, 0, 1, 1, 0, 1, 0,
            0, 1, 0, 1, 1, 0, 0, 0, 0, 0, 0, 0,
            0, 0, 0, 0, 0, 0, 1, 0, 0, 0, 0, 0,
            0, 0, 0, 0, 0, 0, 1, 0, 0, 0, 0, 0,
            0, 0, 0, 0, 0, 0, 0, 0, 0, 0, 0, 0,
            0, 0, 0, 0, 0, 0, 1, 0, 0, 0, 0, 0,
            0, 0, 0, 0, 0, 0, 0, 0, 0, 0, 0, 0],
         "height":12,
         "id":6,
         "name":"2_floor",
         "offsetx":0,
         "offsety":-48,
         "opacity":1,
         "type":"tilelayer",
         "visible":true,
         "width":12,
         "x":0,
         "y":0
        }, 
        {
         "data":[0, 0, 0, 0, 0, 0, 0, 0, 0, 0, 0, 0,
            0, 0, 0, 0, 0, 0, 0, 0, 0, 0, 0, 0,
            0, 0, 0, 0, 0, 0, 0, 0, 0, 0, 0, 0,
            0, 0, 0, 4, 0, 0, 0, 4, 4, 0, 0, 0,
            0, 0, 0, 4, 0, 0, 0, 0, 0, 0, 0, 0,
            0, 0, 0, 0, 0, 29, 29, 0, 0, 0, 0, 0,
            0, 0, 0, 0, 0, 29, 29, 0, 0, 0, 0, 0,
            0, 0, 0, 0, 0, 0, 0, 0, 4, 0, 0, 0,
            0, 0, 0, 4, 4, 0, 0, 0, 4, 0, 0, 0,
            0, 0, 0, 0, 0, 0, 0, 0, 0, 0, 0, 0,
            0, 0, 0, 0, 0, 0, 0, 0, 0, 0, 0, 0,
            0, 0, 0, 0, 0, 0, 0, 0, 0, 0, 0, 0],
         "height":12,
         "id":3,
         "name":"2_plot",
         "offsetx":0,
         "offsety":-48,
         "opacity":1,
         "type":"tilelayer",
         "visible":true,
         "width":12,
         "x":0,
         "y":0
        }, 
        {
         "data":[0, 0, 0, 0, 0, 0, 0, 0, 0, 0, 0, 0,
            0, 0, 0, 0, 0, 0, 0, 0, 0, 0, 0, 0,
            0, 0, 0, 0, 0, 0, 0, 0, 0, 0, 0, 0,
            0, 0, 0, 0, 0, 0, 0, 0, 0, 0, 0, 0,
            0, 0, 0, 0, 0, 0, 0, 0, 0, 0, 0, 0,
            0, 0, 0, 0, 0, 0, 0, 0, 0, 0, 0, 0,
            0, 0, 0, 0, 0, 0, 0, 0, 0, 0, 0, 0,
            0, 0, 0, 0, 0, 0, 0, 0, 0, 0, 0, 0,
            0, 0, 0, 0, 0, 0, 0, 0, 0, 0, 0, 0,
            0, 0, 0, 0, 43, 0, 0, 0, 0, 0, 0, 0,
            0, 0, 0, 0, 0, 0, 0, 0, 0, 0, 0, 0,
            0, 0, 0, 0, 0, 0, 0, 0, 0, 0, 0, 0],
         "height":12,
         "id":5,
         "name":"2_aircraft",
         "offsetx":0,
         "offsety":-48,
         "opacity":1,
         "type":"tilelayer",
         "visible":true,
         "width":12,
         "x":0,
         "y":0
        }, 
        {
         "data":[0, 0, 0, 0, 0, 0, 0, 0, 0, 0, 0, 0,
            0, 0, 0, 0, 0, 9, 0, 0, 0, 0, 0, 0,
            0, 0, 0, 0, 0, 0, 0, 0, 0, 0, 0, 0,
            0, 0, 0, 0, 0, 0, 0, 0, 0, 0, 0, 0,
            0, 0, 0, 0, 0, 9, 0, 0, 0, 0, 0, 0,
            0, 0, 0, 0, 0, 0, 0, 9, 0, 0, 9, 0,
            0, 9, 0, 0, 9, 0, 0, 0, 0, 0, 0, 0,
            0, 0, 0, 0, 0, 0, 9, 0, 0, 0, 0, 0,
            0, 0, 0, 0, 0, 0, 0, 0, 0, 0, 0, 0,
            0, 0, 0, 0, 11, 0, 0, 0, 0, 0, 0, 0,
            0, 0, 0, 0, 0, 0, 9, 0, 0, 0, 0, 0,
            0, 0, 0, 0, 0, 0, 0, 0, 0, 0, 0, 0],
         "height":12,
         "id":4,
         "name":"2_obj",
         "offsetx":0,
         "offsety":-48,
         "opacity":1,
         "type":"tilelayer",
         "visible":true,
         "width":12,
         "x":0,
         "y":0
        }],
 "nextlayerid":7,
 "nextobjectid":1,
 "orientation":"isometric",
 "renderorder":"right-down",
 "tiledversion":"1.11.0",
 "tileheight":145,
 "tilesets":[
        {
         "firstgid":1,
         "source":"images.json"
        }, 
        {
         "firstgid":71,
         "source":"grid.json"
        }],
 "tilewidth":185,
 "type":"map",
 "version":"1.10",
 "width":12
}