{ "columns":10,
 "image":"..\/images\/images.png",
 "imageheight":2450,
 "imagewidth":1780,
 "margin":0,
 "name":"images",
 "spacing":0,
 "tilecount":70,
 "tiledversion":"1.11.0",
 "tileheight":350,
 "tiles":[
        {
         "id":0,
         "properties":[
                {
                 "name":"carrier",
                 "type":"bool",
                 "value":true
                }, 
                {
                 "name":"collide",
                 "type":"bool",
                 "value":false
                }, 
                {
                 "name":"type",
                 "type":"string",
                 "value":"floor"
                }]
        }, 
        {
         "id":1,
         "properties":[
                {
                 "name":"carrier",
                 "type":"bool",
                 "value":true
                }, 
                {
                 "name":"collide",
                 "type":"bool",
                 "value":false
                }, 
                {
                 "name":"type",
                 "type":"string",
                 "value":"floor"
                }]
        }, 
        {
         "id":2,
         "properties":[
                {
                 "name":"carrier",
                 "type":"bool",
                 "value":true
                }, 
                {
                 "name":"collide",
                 "type":"bool",
                 "value":false
                }, 
                {
                 "name":"type",
                 "type":"string",
                 "value":"floor"
                }]
        }, 
        {
         "id":3,
         "properties":[
                {
                 "name":"carrier",
                 "type":"bool",
                 "value":true
                }, 
                {
                 "name":"collide",
                 "type":"bool",
                 "value":true
                }, 
                {
                 "name":"type",
                 "type":"string",
                 "value":"plot"
                }]
        }, 
        {
         "id":4,
         "properties":[
                {
                 "name":"carrier",
                 "type":"bool",
                 "value":true
                }, 
                {
                 "name":"collide",
                 "type":"bool",
                 "value":false
                }, 
                {
                 "name":"type",
                 "type":"string",
                 "value":"floor"
                }]
        }, 
        {
         "id":5,
         "properties":[
                {
                 "name":"carrier",
                 "type":"bool",
                 "value":true
                }, 
                {
                 "name":"collide",
                 "type":"bool",
                 "value":false
                }, 
                {
                 "name":"type",
                 "type":"string",
                 "value":"floor"
                }]
        }, 
        {
         "id":6,
         "properties":[
                {
                 "name":"carrier",
                 "type":"bool",
                 "value":true
                }, 
                {
                 "name":"collide",
                 "type":"bool",
                 "value":false
                }, 
                {
                 "name":"type",
                 "type":"string",
                 "value":"plot"
                }]
        }, 
        {
         "id":7,
         "properties":[
                {
                 "name":"carrier",
                 "type":"bool",
                 "value":true
                }, 
                {
                 "name":"collide",
                 "type":"bool",
                 "value":true
                }, 
                {
                 "name":"type",
                 "type":"string",
                 "value":"plot"
                }]
        }, 
        {
         "id":8,
         "properties":[
                {
                 "name":"name",
                 "type":"string",
                 "value":"red_crystal"
                }, 
                {
                 "name":"tag",
                 "type":"string",
                 "value":"energy"
                }, 
                {
                 "name":"type",
                 "type":"string",
                 "value":"obj"
                }]
        }, 
        {
         "id":9,
         "properties":[
                {
                 "name":"name",
                 "type":"string",
                 "value":"bule1_crystal"
                }, 
                {
                 "name":"tag",
                 "type":"string",
                 "value":"energy"
                }, 
                {
                 "name":"type",
                 "type":"string",
                 "value":"obj"
                }]
        }, 
        {
         "id":10,
         "properties":[
                {
                 "name":"canDrive",
                 "type":"bool",
                 "value":true
                }, 
                {
                 "name":"carrier",
                 "type":"bool",
                 "value":false
                }, 
                {
                 "name":"collide",
                 "type":"bool",
                 "value":true
                }, 
                {
                 "name":"direction",
                 "type":"string",
                 "value":"east"
                }, 
                {
                 "name":"name",
                 "type":"string",
                 "value":"player"
                }, 
                {
                 "name":"tag",
                 "type":"string",
                 "value":"player"
                }, 
                {
                 "name":"type",
                 "type":"string",
                 "value":"obj"
                }]
        }, 
        {
         "id":11,
         "properties":[
                {
                 "name":"canDrive",
                 "type":"bool",
                 "value":true
                }, 
                {
                 "name":"carrier",
                 "type":"bool",
                 "value":false
                }, 
                {
                 "name":"collide",
                 "type":"bool",
                 "value":true
                }, 
                {
                 "name":"direction",
                 "type":"string",
                 "value":"north"
                }, 
                {
                 "name":"name",
                 "type":"string",
                 "value":"player"
                }, 
                {
                 "name":"tag",
                 "type":"string",
                 "value":"player"
                }, 
                {
                 "name":"type",
                 "type":"string",
                 "value":"obj"
                }]
        }, 
        {
         "id":12,
         "properties":[
                {
                 "name":"canDrive",
                 "type":"bool",
                 "value":true
                }, 
                {
                 "name":"carrier",
                 "type":"bool",
                 "value":false
                }, 
                {
                 "name":"collide",
                 "type":"bool",
                 "value":true
                }, 
                {
                 "name":"direction",
                 "type":"string",
                 "value":"south"
                }, 
                {
                 "name":"name",
                 "type":"string",
                 "value":"player"
                }, 
                {
                 "name":"tag",
                 "type":"string",
                 "value":"player"
                }, 
                {
                 "name":"type",
                 "type":"string",
                 "value":"obj"
                }]
        }, 
        {
         "id":13,
         "properties":[
                {
                 "name":"canDrive",
                 "type":"bool",
                 "value":true
                }, 
                {
                 "name":"carrier",
                 "type":"bool",
                 "value":false
                }, 
                {
                 "name":"collide",
                 "type":"bool",
                 "value":true
                }, 
                {
                 "name":"direction",
                 "type":"string",
                 "value":"west"
                }, 
                {
                 "name":"name",
                 "type":"string",
                 "value":"player"
                }, 
                {
                 "name":"tag",
                 "type":"string",
                 "value":"player"
                }, 
                {
                 "name":"type",
                 "type":"string",
                 "value":"obj"
                }]
        }, 
        {
         "id":14,
         "properties":[
                {
                 "name":"carry",
                 "type":"bool",
                 "value":false
                }, 
                {
                 "name":"collide",
                 "type":"bool",
                 "value":true
                }]
        }, 
        {
         "id":15,
         "properties":[
                {
                 "name":"tag",
                 "type":"string",
                 "value":"energy"
                }, 
                {
                 "name":"type",
                 "type":"string",
                 "value":"obj"
                }]
        }, 
        {
         "id":16,
         "properties":[
                {
                 "name":"direction",
                 "type":"string",
                 "value":"east"
                }, 
                {
                 "name":"tag",
                 "type":"string",
                 "value":"ship"
                }, 
                {
                 "name":"type",
                 "type":"string",
                 "value":"dynamicObj"
                }]
        }, 
        {
         "id":17,
         "properties":[
                {
                 "name":"direction",
                 "type":"string",
                 "value":"south"
                }, 
                {
                 "name":"tag",
                 "type":"string",
                 "value":"ship"
                }, 
                {
                 "name":"type",
                 "type":"string",
                 "value":"dynamicObj"
                }]
        }, 
        {
         "id":18,
         "properties":[
                {
                 "name":"direction",
                 "type":"string",
                 "value":"west"
                }, 
                {
                 "name":"tag",
                 "type":"string",
                 "value":"ship"
                }, 
                {
                 "name":"type",
                 "type":"string",
                 "value":"dynamicObj"
                }]
        }, 
        {
         "id":19,
         "properties":[
                {
                 "name":"carry",
                 "type":"bool",
                 "value":false
                }, 
                {
                 "name":"collide",
                 "type":"bool",
                 "value":true
                }]
        }, 
        {
         "id":28,
         "properties":[
                {
                 "name":"carry",
                 "type":"bool",
                 "value":false
                }, 
                {
                 "name":"collide",
                 "type":"bool",
                 "value":true
                }]
        }, 
        {
         "id":29,
         "properties":[
                {
                 "name":"name",
                 "type":"string",
                 "value":"bule2_crystal"
                }, 
                {
                 "name":"tag",
                 "type":"string",
                 "value":"energy"
                }, 
                {
                 "name":"type",
                 "type":"string",
                 "value":"obj"
                }]
        }, 
        {
         "id":30,
         "properties":[
                {
                 "name":"carry",
                 "type":"bool",
                 "value":false
                }, 
                {
                 "name":"name",
                 "type":"string",
                 "value":"green_crystal"
                }, 
                {
                 "name":"tag",
                 "type":"string",
                 "value":"energy"
                }, 
                {
                 "name":"type",
                 "type":"string",
                 "value":"obj"
                }]
        }, 
        {
         "id":35,
         "properties":[
                {
                 "name":"canCarry",
                 "type":"bool",
                 "value":true
                }, 
                {
                 "name":"carrier",
                 "type":"bool",
                 "value":true
                }, 
                {
                 "name":"collide",
                 "type":"bool",
                 "value":false
                }, 
                {
                 "name":"direction",
                 "type":"string",
                 "value":"east"
                }, 
                {
                 "name":"type",
                 "type":"string",
                 "value":"aircraft"
                }]
        }, 
        {
         "id":36,
         "properties":[
                {
                 "name":"canCarry",
                 "type":"bool",
                 "value":true
                }, 
                {
                 "name":"carrier",
                 "type":"bool",
                 "value":true
                }, 
                {
                 "name":"collide",
                 "type":"bool",
                 "value":false
                }, 
                {
                 "name":"direction",
                 "type":"string",
                 "value":"north"
                }, 
                {
                 "name":"name",
                 "type":"string",
                 "value":"flyer"
                }, 
                {
                 "name":"tag",
                 "type":"string",
                 "value":"flyer"
                }, 
                {
                 "name":"type",
                 "type":"string",
                 "value":"aircraft"
                }]
        }, 
        {
         "id":37,
         "properties":[
                {
                 "name":"canCarry",
                 "type":"bool",
                 "value":true
                }, 
                {
                 "name":"carrier",
                 "type":"bool",
                 "value":true
                }, 
                {
                 "name":"collide",
                 "type":"bool",
                 "value":false
                }, 
                {
                 "name":"direction",
                 "type":"string",
                 "value":"south"
                }, 
                {
                 "name":"name",
                 "type":"string",
                 "value":"flyer"
                }, 
                {
                 "name":"tag",
                 "type":"string",
                 "value":"flyer"
                }, 
                {
                 "name":"type",
                 "type":"string",
                 "value":"aircraft"
                }]
        }, 
        {
         "id":38,
         "properties":[
                {
                 "name":"canCarry",
                 "type":"bool",
                 "value":true
                }, 
                {
                 "name":"carrier",
                 "type":"bool",
                 "value":true
                }, 
                {
                 "name":"collide",
                 "type":"bool",
                 "value":false
                }, 
                {
                 "name":"direction",
                 "type":"string",
                 "value":"west"
                }, 
                {
                 "name":"name",
                 "type":"string",
                 "value":"flyer"
                }, 
                {
                 "name":"tag",
                 "type":"string",
                 "value":"flyer"
                }, 
                {
                 "name":"type",
                 "type":"string",
                 "value":"aircraft"
                }]
        }, 
        {
         "id":39,
         "properties":[
                {
                 "name":"canCarry",
                 "type":"bool",
                 "value":true
                }, 
                {
                 "name":"carrier",
                 "type":"bool",
                 "value":true
                }, 
                {
                 "name":"collide",
                 "type":"bool",
                 "value":false
                }, 
                {
                 "name":"direction",
                 "type":"string",
                 "value":"east"
                }, 
                {
                 "name":"name",
                 "type":"string",
                 "value":"flyer"
                }, 
                {
                 "name":"tag",
                 "type":"string",
                 "value":"flyer"
                }, 
                {
                 "name":"type",
                 "type":"string",
                 "value":"aircraft"
                }]
        }, 
        {
         "id":40,
         "properties":[
                {
                 "name":"canCarry",
                 "type":"bool",
                 "value":true
                }, 
                {
                 "name":"carrier",
                 "type":"bool",
                 "value":true
                }, 
                {
                 "name":"collide",
                 "type":"bool",
                 "value":false
                }, 
                {
                 "name":"direction",
                 "type":"string",
                 "value":"east"
                }, 
                {
                 "name":"type",
                 "type":"string",
                 "value":"aircraft"
                }]
        }, 
        {
         "id":41,
         "properties":[
                {
                 "name":"canCarry",
                 "type":"bool",
                 "value":true
                }, 
                {
                 "name":"carrier",
                 "type":"bool",
                 "value":true
                }, 
                {
                 "name":"collide",
                 "type":"bool",
                 "value":true
                }, 
                {
                 "name":"direction",
                 "type":"string",
                 "value":"north"
                }, 
                {
                 "name":"name",
                 "type":"string",
                 "value":"ship"
                }, 
                {
                 "name":"tag",
                 "type":"string",
                 "value":"ship"
                }, 
                {
                 "name":"type",
                 "type":"string",
                 "value":"aircraft"
                }]
        }, 
        {
         "id":42,
         "properties":[
                {
                 "name":"canCarry",
                 "type":"bool",
                 "value":true
                }, 
                {
                 "name":"carrier",
                 "type":"bool",
                 "value":true
                }, 
                {
                 "name":"collide",
                 "type":"bool",
                 "value":true
                }, 
                {
                 "name":"direction",
                 "type":"string",
                 "value":"east"
                }, 
                {
                 "name":"name",
                 "type":"string",
                 "value":"ship"
                }, 
                {
                 "name":"tag",
                 "type":"string",
                 "value":"ship"
                }, 
                {
                 "name":"type",
                 "type":"string",
                 "value":"aircraft"
                }]
        }, 
        {
         "id":43,
         "properties":[
                {
                 "name":"canCarry",
                 "type":"bool",
                 "value":true
                }, 
                {
                 "name":"carrier",
                 "type":"bool",
                 "value":true
                }, 
                {
                 "name":"collide",
                 "type":"bool",
                 "value":true
                }, 
                {
                 "name":"direction",
                 "type":"string",
                 "value":"south"
                }, 
                {
                 "name":"name",
                 "type":"string",
                 "value":"ship"
                }, 
                {
                 "name":"tag",
                 "type":"string",
                 "value":"ship"
                }, 
                {
                 "name":"type",
                 "type":"string",
                 "value":"aircraft"
                }]
        }, 
        {
         "id":44,
         "properties":[
                {
                 "name":"canCarry",
                 "type":"bool",
                 "value":true
                }, 
                {
                 "name":"carrier",
                 "type":"bool",
                 "value":true
                }, 
                {
                 "name":"collide",
                 "type":"bool",
                 "value":true
                }, 
                {
                 "name":"direction",
                 "type":"string",
                 "value":"west"
                }, 
                {
                 "name":"name",
                 "type":"string",
                 "value":"ship"
                }, 
                {
                 "name":"tag",
                 "type":"string",
                 "value":"ship"
                }, 
                {
                 "name":"type",
                 "type":"string",
                 "value":"aircraft"
                }]
        }],
 "tilewidth":178,
 "type":"tileset",
 "version":"1.10"
}