{ "compressionlevel":-1,
 "height":10,
 "infinite":false,
 "layers":[
        {
         "data":[0, 0, 0, 0, 0, 0, 0, 0, 0, 0,
            0, 0, 0, 0, 5, 5, 5, 5, 0, 0,
            0, 0, 0, 5, 5, 5, 5, 5, 0, 0,
            0, 0, 0, 5, 5, 0, 0, 5, 5, 0,
            0, 0, 5, 5, 5, 0, 0, 5, 5, 0,
            0, 0, 5, 5, 0, 0, 5, 5, 0, 0,
            0, 5, 5, 5, 0, 0, 5, 5, 0, 0,
            0, 0, 0, 0, 0, 0, 0, 0, 0, 0,
            0, 0, 0, 0, 0, 0, 0, 0, 0, 0,
            0, 0, 0, 0, 0, 0, 0, 0, 0, 0],
         "height":10,
         "id":1,
         "name":"1_plot",
         "opacity":1,
         "type":"tilelayer",
         "visible":true,
         "width":10,
         "x":0,
         "y":0
        }, 
        {
         "data":[0, 0, 0, 0, 0, 0, 0, 0, 0, 0,
            0, 0, 0, 0, 5, 5, 5, 0, 0, 0,
            0, 0, 0, 5, 5, 5, 5, 5, 0, 0,
            0, 0, 0, 5, 5, 0, 0, 5, 5, 0,
            0, 0, 5, 5, 0, 0, 0, 5, 0, 0,
            0, 0, 5, 5, 0, 0, 5, 5, 0, 0,
            0, 0, 5, 5, 0, 0, 0, 5, 0, 0,
            0, 0, 0, 0, 0, 0, 0, 0, 0, 0,
            0, 0, 0, 0, 0, 0, 0, 0, 0, 0,
            0, 0, 0, 0, 0, 0, 0, 0, 0, 0],
         "height":10,
         "id":3,
         "name":"2_plot",
         "offsetx":0,
         "offsety":-48,
         "opacity":1,
         "type":"tilelayer",
         "visible":true,
         "width":10,
         "x":0,
         "y":0
        }, 
        {
         "data":[0, 0, 0, 0, 0, 0, 0, 0, 0, 0,
            0, 0, 0, 0, 0, 0, 0, 2, 0, 0,
            0, 0, 0, 0, 0, 0, 0, 0, 0, 0,
            0, 0, 0, 0, 0, 0, 0, 0, 0, 0,
            0, 0, 0, 0, 2, 0, 0, 0, 2, 0,
            0, 0, 0, 0, 0, 0, 0, 0, 0, 0,
            0, 2, 0, 0, 0, 0, 2, 0, 0, 0,
            0, 0, 0, 0, 0, 0, 0, 0, 0, 0,
            0, 0, 0, 0, 0, 0, 0, 0, 0, 0,
            0, 0, 0, 0, 0, 0, 0, 0, 0, 0],
         "height":10,
         "id":7,
         "name":"2_floor",
         "offsetx":0,
         "offsety":-48,
         "opacity":1,
         "type":"tilelayer",
         "visible":true,
         "width":10,
         "x":0,
         "y":0
        }, 
        {
         "data":[1, 1, 1, 1, 1, 1, 1, 1, 1, 1,
            1, 1, 1, 1, 1, 1, 1, 1, 1, 1,
            1, 1, 1, 1, 1, 1, 1, 1, 1, 1,
            1, 1, 1, 1, 1, 1, 1, 1, 1, 1,
            1, 1, 1, 1, 1, 1, 1, 1, 1, 1,
            1, 1, 1, 1, 1, 1, 1, 1, 1, 1,
            1, 1, 1, 1, 1, 1, 1, 1, 1, 1,
            1, 1, 1, 1, 1, 1, 1, 1, 1, 1,
            1, 1, 1, 1, 1, 1, 1, 1, 1, 1,
            1, 1, 1, 1, 1, 1, 1, 1, 1, 1],
         "height":10,
         "id":2,
         "name":"3_grid",
         "offsetx":0,
         "offsety":-96,
         "opacity":1,
         "type":"tilelayer",
         "visible":true,
         "width":10,
         "x":0,
         "y":0
        }, 
        {
         "data":[0, 0, 0, 0, 0, 0, 0, 0, 0, 0,
            0, 0, 0, 0, 5, 5, 0, 0, 0, 0,
            0, 0, 0, 0, 0, 0, 0, 0, 0, 0,
            0, 0, 0, 0, 0, 0, 0, 0, 0, 0,
            0, 0, 5, 0, 0, 0, 0, 0, 0, 0,
            0, 0, 5, 0, 0, 0, 0, 0, 0, 0,
            0, 0, 0, 0, 0, 0, 0, 0, 0, 0,
            0, 0, 0, 0, 0, 0, 0, 0, 0, 0,
            0, 0, 0, 0, 0, 0, 0, 0, 0, 0,
            0, 0, 0, 0, 0, 0, 0, 0, 0, 0],
         "height":10,
         "id":4,
         "name":"3_plot",
         "offsetx":0,
         "offsety":-96,
         "opacity":1,
         "type":"tilelayer",
         "visible":true,
         "width":10,
         "x":0,
         "y":0
        }, 
        {
         "data":[0, 0, 0, 0, 0, 0, 0, 0, 0, 0,
            0, 0, 0, 0, 0, 0, 2, 0, 0, 0,
            0, 0, 0, 2, 2, 2, 2, 2, 0, 0,
            0, 0, 0, 2, 2, 0, 0, 2, 2, 0,
            0, 0, 0, 2, 0, 0, 0, 2, 0, 0,
            0, 0, 0, 2, 0, 0, 2, 2, 0, 0,
            0, 0, 2, 2, 0, 0, 0, 2, 0, 0,
            0, 0, 0, 0, 0, 0, 0, 0, 0, 0,
            0, 0, 0, 0, 0, 0, 0, 0, 0, 0,
            0, 0, 0, 0, 0, 0, 0, 0, 0, 0],
         "height":10,
         "id":6,
         "name":"3_floor",
         "offsetx":0,
         "offsety":-96,
         "opacity":1,
         "type":"tilelayer",
         "visible":true,
         "width":10,
         "x":0,
         "y":0
        }, 
        {
         "data":[0, 0, 0, 0, 0, 0, 0, 0, 0, 0,
            0, 0, 0, 0, 0, 0, 0, 0, 0, 0,
            0, 0, 0, 32, 0, 0, 0, 32, 0, 0,
            0, 0, 0, 0, 0, 0, 0, 0, 0, 0,
            0, 0, 0, 0, 0, 0, 0, 0, 0, 0,
            0, 0, 0, 15, 0, 0, 0, 0, 0, 0,
            0, 0, 0, 0, 0, 0, 0, 32, 0, 0,
            0, 0, 0, 0, 0, 0, 0, 0, 0, 0,
            0, 0, 0, 0, 0, 0, 0, 0, 0, 0,
            0, 0, 0, 0, 0, 0, 0, 0, 0, 0],
         "height":10,
         "id":5,
         "name":"3_obj",
         "offsetx":0,
         "offsety":-96,
         "opacity":1,
         "type":"tilelayer",
         "visible":true,
         "width":10,
         "x":0,
         "y":0
        }],
 "nextlayerid":8,
 "nextobjectid":1,
 "orientation":"isometric",
 "renderorder":"right-down",
 "tiledversion":"1.11.0",
 "tileheight":145,
 "tilesets":[
        {
         "firstgid":1,
         "source":"grid.json"
        }, 
        {
         "firstgid":2,
         "source":"images.json"
        }],
 "tilewidth":185,
 "type":"map",
 "version":"1.10",
 "width":10
}