{ "compressionlevel":-1,
 "height":7,
 "infinite":false,
 "layers":[
        {
         "data":[0, 0, 0, 0, 0, 0, 0, 0, 0,
            0, 0, 0, 0, 0, 5, 0, 0, 0,
            0, 5, 0, 0, 0, 5, 0, 5, 0,
            0, 5, 5, 5, 5, 5, 5, 5, 0,
            0, 5, 0, 0, 0, 5, 0, 5, 0,
            0, 0, 0, 0, 0, 5, 0, 0, 0,
            0, 0, 0, 0, 0, 0, 0, 0, 0],
         "height":7,
         "id":1,
         "name":"1_plot",
         "opacity":1,
         "type":"tilelayer",
         "visible":true,
         "width":9,
         "x":0,
         "y":0
        }, 
        {
         "data":[1, 1, 1, 1, 1, 1, 1, 1, 1,
            1, 1, 1, 1, 1, 1, 1, 1, 1,
            1, 1, 1, 1, 1, 1, 1, 1, 1,
            1, 1, 1, 1, 1, 1, 1, 1, 1,
            1, 1, 1, 1, 1, 1, 1, 1, 1,
            1, 1, 1, 1, 1, 1, 1, 1, 1,
            1, 1, 1, 1, 1, 1, 1, 1, 1],
         "height":7,
         "id":4,
         "name":"2_grid",
         "offsetx":0,
         "offsety":-48,
         "opacity":1,
         "type":"tilelayer",
         "visible":true,
         "width":9,
         "x":0,
         "y":0
        }, 
        {
         "data":[0, 0, 0, 0, 0, 0, 0, 0, 0,
            0, 0, 0, 0, 0, 0, 0, 0, 0,
            0, 0, 0, 0, 0, 2, 0, 0, 0,
            0, 0, 2, 2, 2, 2, 2, 0, 0,
            0, 0, 0, 0, 0, 2, 0, 0, 0,
            0, 0, 0, 0, 0, 0, 0, 0, 0,
            0, 0, 0, 0, 0, 0, 0, 0, 0],
         "height":7,
         "id":5,
         "name":"2_floor",
         "offsetx":0,
         "offsety":-48,
         "opacity":1,
         "type":"tilelayer",
         "visible":true,
         "width":9,
         "x":0,
         "y":0
        }, 
        {
         "data":[0, 0, 0, 0, 0, 0, 0, 0, 0,
            0, 0, 0, 0, 0, 16, 0, 0, 0,
            0, 0, 0, 0, 0, 0, 0, 0, 0,
            0, 5, 0, 0, 0, 0, 0, 5, 0,
            0, 0, 0, 0, 0, 0, 0, 0, 0,
            0, 0, 0, 0, 0, 16, 0, 0, 0,
            0, 0, 0, 0, 0, 0, 0, 0, 0],
         "height":7,
         "id":2,
         "name":"2_plot",
         "offsetx":0,
         "offsety":-48,
         "opacity":1,
         "type":"tilelayer",
         "visible":true,
         "width":9,
         "x":0,
         "y":0
        }, 
        {
         "data":[0, 0, 0, 0, 0, 0, 0, 0, 0,
            0, 0, 0, 0, 0, 0, 0, 0, 0,
            0, 0, 0, 0, 0, 0, 0, 0, 0,
            0, 0, 12, 0, 0, 0, 10, 0, 0,
            0, 0, 0, 0, 0, 0, 0, 0, 0,
            0, 0, 0, 0, 0, 0, 0, 0, 0,
            0, 0, 0, 0, 0, 0, 0, 0, 0],
         "height":7,
         "id":3,
         "name":"2_obj",
         "offsetx":0,
         "offsety":-48,
         "opacity":1,
         "type":"tilelayer",
         "visible":true,
         "width":9,
         "x":0,
         "y":0
        }],
 "nextlayerid":6,
 "nextobjectid":1,
 "orientation":"isometric",
 "renderorder":"right-down",
 "tiledversion":"1.11.0",
 "tileheight":135,
 "tilesets":[
        {
         "firstgid":1,
         "source":"grid.json"
        }, 
        {
         "firstgid":2,
         "source":"images.json"
        }],
 "tilewidth":182,
 "type":"map",
 "version":"1.10",
 "width":9
}